{
  "account_id": "ACC123",
  "features": {
    "account_age_days": 180,
    "avg_balance": 50000,
    "avg_balance_negative": 0,
    "total_credit": 500000,
    "credit_debit_ratio": 0.9090909090909091,
    "net_flow": -50000
  },
  "version": "v1.0",
  "timestamp": "2026-05-06T10:36:47.648666"
}